date,lme_cash_usd_per_tonne,lme_cash_usd_per_lb
2019-01-02,5839.0,2.6485289981947004
2019-01-03,5811.0,2.6358283967305023
2019-01-04,5840.0,2.648982591104136
2019-01-07,5889.5,2.6714354401212
2019-01-08,5904.5,2.678239333762735
2019-01-09,5964.0,2.7052281118741552
2019-01-10,5908.5,2.680053705400477
2019-01-11,5926.5,2.688218377770319
2019-01-14,5861.0,2.658508042202284
2019-01-15,5882.0,2.668033493300433
2019-01-16,5911.0,2.6811876876740666
2019-01-17,5933.0,2.6911667316816503
2019-01-18,6022.0,2.7315365006214223
2019-01-21,5951.5,2.69955820050621
2019-01-22,5926.5,2.688218377770319
2019-01-23,5920.5,2.685496820313705
2019-01-24,5885.0,2.6693942720287396
2019-01-25,5901.0,2.67665175857971
2019-01-28,5996.0,2.7197430849760957
2019-01-29,6007.0,2.7247326069798876
2019-01-30,6077.0,2.7564841106403826
2019-01-31,6148.0,2.788689207210313
2019-02-01,6097.5,2.7657827652838134
2019-02-04,6076.5,2.7562573141856648
2019-02-05,6174.0,2.8004826228556396
2019-02-06,6210.0,2.8168119675953225
2019-02-07,6227.0,2.8245230470557288
2019-02-08,6207.0,2.8154511888670157
2019-02-11,6148.0,2.788689207210313
2019-02-12,6102.0,2.7678239333762735
2019-02-13,6120.0,2.775988605746115
2019-02-14,6178.5,2.8025237909481002
2019-02-15,6190.0,2.80774010940661
2019-02-18,6269.5,2.8438007457067433
2019-02-19,6246.5,2.8333681087897236
2019-02-20,6351.5,2.8809953642804658
2019-02-21,6391.0,2.8989122842031736
2019-02-22,6489.0,2.9433643893278663
2019-02-25,6546.0,2.9692191851656977
2019-02-26,6471.0,2.935199716958025
2019-02-27,6533.0,2.9633224773430342
2019-02-28,6536.0,2.9646832560713414
2019-03-01,6572.0,2.9810126008110243
2019-03-04,6420.0,2.912066478576807
2019-03-05,6553.5,2.972621131986465
2019-03-06,6505.0,2.9506218758788365
2019-03-07,6458.0,2.9293030091353613
2019-03-08,6398.5,2.902314231023941
2019-03-11,6435.0,2.9188703722183416
2019-03-12,6510.0,2.9528898404260144
2019-03-13,6529.0,2.961508105705292
2019-03-14,6409.0,2.907076956573015
2019-03-15,6410.0,2.9075305494824506
2019-03-18,6492.0,2.944725168056173
2019-03-19,6500.0,2.948353911331658
2019-03-20,6487.0,2.942457203508995
2019-03-21,6520.0,2.957425769520371
2019-03-22,6375.0,2.8916547976522033
2019-03-25,6328.0,2.870335930908728
2019-03-26,6361.0,2.8853044969201043
2019-03-27,6338.5,2.8750986564578023
2019-03-28,6385.0,2.8961907267465596
2019-03-29,6485.0,2.9415500176901235
2019-04-01,6498.0,2.947446725512787
2019-04-02,6431.0,2.917056000580599
2019-04-03,6483.0,2.9406428318712523
2019-04-04,6444.0,2.9229527084032623
2019-04-05,6419.0,2.9116128856673713
2019-04-08,6432.5,2.9177363899447526
2019-04-09,6498.0,2.947446725512787
2019-04-10,6447.0,2.9243134871315695
2019-04-11,6432.5,2.9177363899447526
2019-04-12,6490.0,2.943817982237302
2019-04-15,6456.0,2.92839582331649
2019-04-16,6460.0,2.9302101949542325
2019-04-17,6509.0,2.952436247516579
2019-04-18,6448.0,2.924767080041005
2019-04-23,6430.0,2.9166024076711636
2019-04-24,6437.5,2.9200043544919305
2019-04-25,6375.5,2.891881594106921
2019-04-26,6393.0,2.8998194700220448
2019-04-29,6376.0,2.892108390561639
2019-04-30,6442.0,2.922045522584391
2019-05-01,6398.0,2.902087434569223
2019-05-02,6214.0,2.8186263392330653
2019-05-03,6180.0,2.8032041803122536
2019-05-07,6174.0,2.8004826228556396
2019-05-08,6103.0,2.768277526285709
2019-05-09,6112.0,2.77235986247063
2019-05-10,6135.5,2.7830192958423674
2019-05-13,6042.5,2.740835155264853
2019-05-14,6007.0,2.7247326069798876
2019-05-15,6002.0,2.7224646424327097
2019-05-16,6089.0,2.7619272255536105
2019-05-17,6025.0,2.7328972793497295
2019-05-20,5985.0,2.714753562972304
2019-05-21,6004.0,2.723371828251581
2019-05-22,5920.0,2.6852700238589873
2019-05-23,5860.0,2.6580544492928486
2019-05-24,5919.0,2.6848164309495517
2019-05-28,5956.5,2.701826165053388
2019-05-29,5864.5,2.660095617385309
2019-05-30,5823.0,2.64127151164373
2019-05-31,5780.5,2.6219938129927156
2019-06-03,5796.0,2.6290245030889676
2019-06-04,5804.0,2.6326532463644527
2019-06-05,5832.5,2.6455806442833687
2019-06-06,5805.0,2.6331068392738888
2019-06-07,5770.0,2.617231087443641
2019-06-10,5788.0,2.625395759813483
2019-06-11,5905.0,2.6784661302174526
2019-06-12,5828.5,2.643766272645626
2019-06-13,5797.5,2.6297048924531214
2019-06-14,5805.5,2.6333336357286066
2019-06-17,5756.0,2.6108807867115424
2019-06-18,5848.5,2.652838130834339
2019-06-19,5895.0,2.6739302011230963
2019-06-20,5962.0,2.704320926055284
2019-06-21,5941.0,2.6947954749571355
2019-06-24,5917.0,2.68390924513068
2019-06-25,5985.5,2.7149803594270217
2019-06-26,6006.0,2.724279014070452
2019-06-27,5953.5,2.700465386325081
2019-06-28,5972.0,2.7088568551496404
2019-07-01,5999.0,2.7211038637044025
2019-07-02,5910.0,2.680734094764631
2019-07-03,5874.0,2.6644047500249477
2019-07-04,5900.0,2.6761981656702742
2019-07-05,5857.0,2.656693670564542
2019-07-08,5912.0,2.681641280583502
2019-07-09,5805.0,2.6331068392738888
2019-07-10,5862.5,2.659188431566438
2019-07-11,5925.0,2.687537988406165
2019-07-12,5950.0,2.698877811142056
2019-07-15,5997.5,2.720423474340249
2019-07-16,5959.0,2.7029601473269773
2019-07-17,5922.0,2.6861772096778584
2019-07-18,5948.0,2.697970625323185
2019-07-19,6066.0,2.7514945886365907
2019-07-22,6007.5,2.724959403434606
2019-07-23,5968.5,2.707269279966616
2019-07-24,5980.0,2.7124855984251255
2019-07-25,6010.0,2.726093385708195
2019-07-26,5945.0,2.6966098465948782
2019-07-29,5949.5,2.6986510146873384
2019-07-30,5943.0,2.695702660776007
2019-07-31,5926.0,2.687991581315601
2019-08-01,5876.0,2.665311935843819
2019-08-02,5769.0,2.6167774945342055
2019-08-05,5647.0,2.5614391595830575
2019-08-06,5667.0,2.5705110177717705
2019-08-07,5673.5,2.573459371683102
2019-08-08,5723.0,2.5959122207001664
2019-08-09,5744.0,2.6054376717983145
2019-08-12,5724.5,2.5965926100643197
2019-08-13,5697.0,2.5841188050548394
2019-08-14,5732.0,2.599994556885087
2019-08-15,5696.5,2.5838920086001216
2019-08-16,5710.0,2.590015512877503
2019-08-19,5755.5,2.6106539902568247
2019-08-20,5698.0,2.584572397964275
2019-08-21,5696.5,2.5838920086001216
2019-08-22,5668.0,2.570964610681206
2019-08-23,5675.0,2.5741397610472556
2019-08-27,5662.0,2.568243053224592
2019-08-28,5653.0,2.5641607170396714
2019-08-29,5722.0,2.5954586277907303
2019-08-30,5678.0,2.5755005397755624
2019-09-02,5610.5,2.544883018388657
2019-09-03,5537.0,2.5115439395451373
2019-09-04,5663.0,2.5686966461340277
2019-09-05,5777.0,2.6204062378096906
2019-09-06,5787.5,2.6251689633587647
2019-09-09,5771.0,2.6176846803530767
2019-09-10,5738.0,2.6027161143417006
2019-09-11,5765.0,2.614963122896463
2019-09-12,5842.5,2.650116573377725
2019-09-13,5870.0,2.6625903783872054
2019-09-16,5877.0,2.6657655287532545
2019-09-17,5762.0,2.613602344168156
2019-09-18,5745.0,2.60589126470775
2019-09-19,5758.5,2.6120147689851314
2019-09-20,5777.5,2.6206330342644084
2019-09-23,5695.0,2.583211619235968
2019-09-24,5761.0,2.6131487512587204
2019-09-25,5718.5,2.593871052607706
2019-09-26,5757.0,2.611334379620978
2019-09-27,5714.0,2.591829884515245
2019-09-30,5728.0,2.5981801852473443
2019-10-01,5610.0,2.544656221933939
2019-10-02,5629.0,2.553274487213216
2019-10-03,5626.0,2.5519137084849093
2019-10-04,5599.0,2.5396666999301467
2019-10-07,5626.0,2.5519137084849093
2019-10-08,5650.5,2.5630267347660824
2019-10-09,5660.0,2.567335867405721
2019-10-10,5698.5,2.5847991944189928
2019-10-11,5763.0,2.6140559370775915
2019-10-14,5718.5,2.593871052607706
2019-10-15,5745.0,2.60589126470775
2019-10-16,5684.0,2.5782220972321763
2019-10-17,5726.5,2.597499795883191
2019-10-18,5751.0,2.608612822164364
2019-10-21,5820.0,2.639910732915423
2019-10-22,5794.0,2.6281173172700965
2019-10-23,5773.0,2.6185918661719483
2019-10-24,5869.0,2.6621367854777693
2019-10-25,5867.5,2.661456396113616
2019-10-28,5888.5,2.6709818472117646
2019-10-29,5879.5,2.666899511026844
2019-10-30,5883.0,2.6684870862098684
2019-10-31,5825.0,2.6421786974626014
2019-11-01,5797.0,2.6294780959984037
2019-11-04,5846.5,2.6519309450154678
2019-11-05,5880.0,2.6671263074815617
2019-11-06,5913.5,2.6823216699476555
2019-11-07,5941.0,2.6947954749571355
2019-11-08,5951.5,2.69955820050621
2019-11-11,5857.0,2.656693670564542
2019-11-12,5838.0,2.648075405285265
2019-11-13,5823.0,2.64127151164373
2019-11-14,5835.0,2.6467146265569577
2019-11-15,5812.0,2.636281989639938
2019-11-18,5828.0,2.643539476190908
2019-11-19,5821.5,2.640591122279577
2019-11-20,5873.0,2.663951157115512
2019-11-21,5813.0,2.636735582549374
2019-11-22,5834.0,2.646261033647522
2019-11-25,5872.5,2.6637243606607943
2019-11-26,5856.0,2.6562400776551063
2019-11-27,5925.5,2.687764784860883
2019-11-28,5881.5,2.667806696845715
2019-11-29,5854.0,2.655332891836235
2019-12-02,5855.5,2.6560132812003885
2019-12-03,5812.0,2.636281989639938
2019-12-04,5823.0,2.64127151164373
2019-12-05,5855.0,2.6557864847456707
2019-12-06,5867.5,2.661456396113616
2019-12-09,5985.0,2.714753562972304
2019-12-10,6055.0,2.7465050666327984
2019-12-11,6083.0,2.7592056680969965
2019-12-12,6097.0,2.7655559688290956
2019-12-13,6154.0,2.791410764666927
2019-12-16,6155.5,2.7920911540310804
2019-12-17,6175.0,2.8009362157650752
2019-12-18,6126.5,2.7789369596574467
2019-12-19,6161.0,2.794585915032976
2019-12-20,6155.5,2.7920911540310804
2019-12-23,6153.0,2.790957171757491
2019-12-24,6184.5,2.8052453484047137
2019-12-27,6211.0,2.8172655605047585
2019-12-30,6183.5,2.804791755495278
2019-12-31,6156.0,2.7923179504857982
2020-01-02,6165.5,2.7966270831254367
2020-01-03,6077.0,2.7564841106403826
2020-01-06,6097.5,2.7657827652838134
2020-01-07,6134.5,2.782565702932932
2020-01-08,6154.0,2.791410764666927
2020-01-09,6156.0,2.7923179504857982
2020-01-10,6157.0,2.792771543395234
2020-01-13,6177.0,2.8018434015839464
2020-01-14,6247.0,2.8335949052444414
2020-01-15,6232.0,2.8267910116029067
2020-01-16,6300.5,2.8578621258992483
2020-01-17,6276.5,2.846975896072793
2020-01-20,6245.0,2.83268771942557
2020-01-21,6158.5,2.793451932759387
2020-01-22,6103.5,2.768504322740427
2020-01-23,6050.0,2.7442371020856204
2020-01-24,5968.0,2.707042483511898
2020-01-27,5779.0,2.621313423628562
2020-01-28,5715.0,2.5922834774246812
2020-01-29,5698.0,2.584572397964275
2020-01-30,5621.0,2.549645743937731
2020-01-31,5570.0,2.5265125055565134
2020-02-03,5595.0,2.5378523282924044
2020-02-04,5652.0,2.563707124130236
2020-02-05,5714.0,2.591829884515245
2020-02-06,5726.0,2.597272999428473
2020-02-07,5653.0,2.5641607170396714
2020-02-10,5659.5,2.567109070951003
2020-02-11,5696.0,2.583665212145404
2020-02-12,5747.0,2.6067984505266213
2020-02-13,5716.0,2.592737070334117
2020-02-14,5737.0,2.602262521432265
2020-02-17,5802.0,2.6317460605455816
2020-02-18,5728.0,2.5981801852473443
2020-02-19,5745.5,2.606118061162468
2020-02-20,5730.0,2.5990873710662155
2020-02-21,5702.0,2.5863867696020177
2020-02-24,5657.5,2.5662018851321315
2020-02-25,5663.5,2.5689234425887455
2020-02-26,5614.0,2.5464705935716814
2020-02-27,5618.0,2.548284965209424
2020-02-28,5573.0,2.52787328428482
2020-03-02,5640.0,2.558264009217008
2020-03-03,5668.0,2.570964610681206
2020-03-04,5694.5,2.5829848227812504
2020-03-05,5667.5,2.5707378142264883
2020-03-06,5624.0,2.5510065226660377
2020-03-09,5483.0,2.4870499224356126
2020-03-10,5598.0,2.539213107020711
2020-03-11,5552.0,2.5183478331866715
2020-03-12,5386.5,2.4432782066750733
2020-03-13,5530.5,2.5085955856338056
2020-03-16,5211.0,2.3636726510691184
2020-03-17,5205.0,2.360951093612505
2020-03-18,4860.5,2.2046883363119267
2020-03-19,4685.0,2.1250827807059722
2020-03-20,4855.0,2.202193575310031
2020-03-23,4617.5,2.0944652593190662
2020-03-24,4789.5,2.1724832397419966
2020-03-25,4754.0,2.156380691457031
2020-03-26,4775.5,2.1661329390098976
2020-03-27,4774.0,2.165452549645744
2020-03-30,4763.0,2.160463027641952
2020-03-31,4797.0,2.175885186562764
2020-04-01,4772.0,2.1645453638268726
2020-04-02,4821.5,2.186998212843937
2020-04-03,4863.5,2.206049115040234
2020-04-06,4867.0,2.2076366902232585
2020-04-07,5067.5,2.2985820685651044
2020-04-08,4976.0,2.2570783173517435
2020-04-09,4963.5,2.2514084059837978
2020-04-14,5119.0,2.3219421034010397
2020-04-15,5054.5,2.292685360742441
2020-04-16,5098.5,2.3126434487576093
2020-04-17,5175.5,2.3475701027841533
2020-04-20,5169.5,2.3448485453275394
2020-04-21,4994.5,2.2654697861763027
2020-04-22,5034.0,2.2833867060990105
2020-04-23,5120.5,2.322622492765193
2020-04-24,5118.0,2.321488510491604
2020-04-27,5165.5,2.343034173689797
2020-04-28,5169.5,2.3448485453275394
2020-04-29,5184.0,2.3514256425143563
2020-04-30,5231.0,2.3727445092578314
2020-05-01,5061.0,2.2956337146537726
2020-05-04,5058.0,2.294272935925466
2020-05-05,5111.5,2.3185401565802723
2020-05-06,5199.5,2.3584563326106087
2020-05-07,5227.5,2.371156934074807
2020-05-11,5231.0,2.3727445092578314
2020-05-12,5234.0,2.374105287986138
2020-05-13,5212.5,2.364353040433272
2020-05-14,5155.5,2.3384982445954408
2020-05-15,5165.0,2.3428073772350793
2020-05-18,5249.5,2.3811359780823906
2020-05-19,5314.0,2.4103927207409894
2020-05-20,5333.0,2.4190109860202664
2020-05-21,5387.0,2.443505003129791
2020-05-22,5242.5,2.377960827716341
2020-05-26,5341.5,2.42286652575047
2020-05-27,5308.5,2.4078979597390933
2020-05-28,5278.5,2.3942901724560244
2020-05-29,5332.5,2.4187841895655486
2020-06-01,5376.5,2.438742277580717
2020-06-02,5463.0,2.4779780642469
2020-06-03,5499.0,2.494307408986583
2020-06-04,5452.5,2.4732153386978255
2020-06-05,5588.0,2.534677177926355
2020-06-08,5659.0,2.5668822744962854
2020-06-09,5680.5,2.5766345220491513
2020-06-10,5801.0,2.631292467636146
2020-06-11,5801.5,2.631519264090864
2020-06-12,5785.5,2.6242617775398935
2020-06-15,5646.0,2.560985566673622
2020-06-16,5759.5,2.612468361894567
2020-06-17,5734.0,2.6009017427039582
2020-06-18,5799.0,2.630385281817275
2020-06-19,5835.5,2.6469414230116755
2020-06-22,5825.0,2.6421786974626014
2020-06-23,5895.0,2.6739302011230963
2020-06-24,5871.0,2.663043971296641
2020-06-25,5880.5,2.6673531039362794
2020-06-26,5985.5,2.7149803594270217
2020-06-29,5957.0,2.7020529615081057
2020-06-30,6038.0,2.7387939871723925
2020-07-01,6016.5,2.7290417396195266
2020-07-02,6080.0,2.7578448893686893
2020-07-03,6022.5,2.73176329707614
2020-07-06,6112.0,2.77235986247063
2020-07-07,6086.0,2.7605664468253033
2020-07-08,6194.0,2.8095544810443522
2020-07-09,6339.5,2.875552249367238
2020-07-10,6322.5,2.867841169906832
2020-07-13,6545.0,2.968765592256262
2020-07-14,6489.5,2.943591185782584
2020-07-15,6507.0,2.9515290616977077
2020-07-16,6385.0,2.8961907267465596
2020-07-17,6454.5,2.927715433952337
2020-07-20,6416.5,2.9104789033937823
2020-07-21,6513.0,2.9542506191543216
2020-07-22,6527.0,2.9606009198864203
2020-07-23,6533.5,2.963549273797752
2020-07-24,6412.5,2.9086645317560396
2020-07-27,6425.5,2.914561239578703
2020-07-28,6399.5,2.9027678239333765
2020-07-29,6475.0,2.937014088595767
2020-07-30,6433.5,2.918189982854188
2020-07-31,6446.5,2.9240866906768517
2020-08-03,6441.0,2.9215919296749555
2020-08-04,6440.0,2.92113833676552
2020-08-05,6525.5,2.959920530522267
2020-08-06,6453.5,2.9272618410429008
2020-08-07,6437.0,2.9197775580372127
2020-08-10,6363.0,2.8862116827389754
2020-08-11,6356.5,2.8832633288276437
2020-08-12,6379.0,2.8934691692899457
2020-08-13,6380.0,2.8939227621993813
2020-08-14,6342.5,2.876913028095545
2020-08-17,6439.5,2.920911540310802
2020-08-18,6492.5,2.944951964510891
2020-08-19,6667.0,3.02410392720741
2020-08-20,6594.5,2.9912184412733263
2020-08-21,6564.5,2.977610653990257
2020-08-24,6579.5,2.9844145476317916
2020-08-25,6544.5,2.9685387958015443
2020-08-26,6603.5,2.995300777458247
2020-08-27,6602.5,2.9948471845488114
2020-08-28,6728.0,3.051773094682984
2020-09-01,6788.5,3.0792154657038404
2020-09-02,6719.0,3.0476907584980633
2020-09-03,6613.0,2.9996099100978855
2020-09-04,6678.0,3.029093449211202
2020-09-07,6790.5,3.0801226515227116
2020-09-08,6767.5,3.069690014605692
2020-09-09,6709.0,3.043154829403707
2020-09-10,6710.5,3.0438352187678603
2020-09-11,6757.5,3.0651540855113355
2020-09-14,6788.0,3.0789886692491226
2020-09-15,6813.5,3.0905552884397314
2020-09-16,6776.0,3.0735455543358947
2020-09-17,6761.0,3.06674166069436
2020-09-18,6833.5,3.099627146628444
2020-09-21,6837.0,3.101214721811469
2020-09-22,6810.0,3.0889677132567064
2020-09-23,6725.5,3.050639112409395
2020-09-24,6538.5,2.9658172383449304
2020-09-25,6529.0,2.961508105705292
2020-09-28,6571.5,2.9807858043563065
2020-09-29,6546.0,2.9692191851656977
2020-09-30,6610.0,2.9982491313695787
2020-10-01,6614.0,3.000063503007321
2020-10-02,6409.5,2.907303753027733
2020-10-05,6507.5,2.9517558581524255
2020-10-06,6509.0,2.952436247516579
2020-10-07,6525.0,2.959693734067549
2020-10-08,6611.5,2.998929520733732
2020-10-09,6740.5,3.0574430060509297
2020-10-12,6769.0,3.070370403969845
2020-10-13,6699.5,3.0388456967640685
2020-10-14,6702.0,3.0399796790376574
2020-10-15,6683.5,3.031588210213098
2020-10-16,6728.0,3.051773094682984
2020-10-19,6755.0,3.0640201032377465
2020-10-20,6814.0,3.090782084894449
2020-10-21,6953.0,3.153831499306003
2020-10-22,6886.0,3.1234407743738153
2020-10-23,6879.5,3.1204924204624835
2020-10-26,6806.0,3.087153341618964
2020-10-27,6787.5,3.078761872794405
2020-10-28,6694.5,3.03657773221689
2020-10-29,6692.0,3.035443749943301
2020-10-30,6694.5,3.03657773221689
2020-11-02,6712.5,3.0447424045867315
2020-11-03,6791.5,3.080576244432147
2020-11-04,6748.0,3.060844952871697
2020-11-05,6798.0,3.083524598343479
2020-11-06,6938.5,3.147254402119186
2020-11-09,7034.0,3.19057252497029
2020-11-10,6865.5,3.1141421197303845
2020-11-11,6912.5,3.1354609864738596
2020-11-12,6904.0,3.1316054467436567
2020-11-13,6926.0,3.141584490751241
2020-11-16,7113.0,3.2264063648157055
2020-11-17,7050.0,3.19783001152126
2020-11-18,7083.0,3.212798577532636
2020-11-19,7028.0,3.187850967513676
2020-11-20,7178.5,3.25611670038374
2020-11-23,7215.5,3.2728996380328583
2020-11-24,7302.0,3.3121354246990413
2020-11-25,7238.5,3.283332274949878
2020-11-26,7356.5,3.336856238263284
2020-11-27,7462.0,3.384710290208744
2020-11-30,7674.5,3.481098783463817
2020-12-01,7644.0,3.46726419972603
2020-12-02,7616.5,3.45479039471655
2020-12-03,7679.0,3.4831399515562773
2020-12-04,7741.5,3.511489508396005
2020-12-07,7656.5,3.4729341110939758
2020-12-08,7635.0,3.4631818635411094
2020-12-09,7704.5,3.494706570746886
2020-12-10,7712.0,3.4981085175676534
2020-12-11,7741.0,3.511262711941287
2020-12-14,7763.0,3.5212417559488713
2020-12-15,7753.0,3.5167058268545146
2020-12-16,7823.0,3.5484573305150096
2020-12-17,7893.0,3.5802088341755045
2020-12-18,7964.0,3.6124139307454346
2020-12-21,7838.5,3.555488020611262
2020-12-22,7753.0,3.5167058268545146
2020-12-23,7764.5,3.5219221453130247
2020-12-24,7793.0,3.5348495432319402
2020-12-29,7840.0,3.5561684099754154
2020-12-30,7803.5,3.5396122687810148
2020-12-31,7741.5,3.511489508396005
2021-01-04,7918.5,3.5917754533661133
2021-01-05,7914.0,3.5897342852736527
2021-01-06,8129.5,3.6874835572570333
2021-01-07,8036.5,3.6452994166795185
2021-01-08,8146.0,3.6949678402627213
2021-01-11,7951.5,3.6067440193774893
2021-01-12,7983.0,3.621032196024712
2021-01-13,7960.5,3.61082635556241
2021-01-14,8002.5,3.629877257758707
2021-01-15,7979.5,3.619444620841687
2021-01-18,7972.5,3.6162694704756375
2021-01-19,7986.5,3.6226197712077366
2021-01-20,8014.5,3.6353203726719348
2021-01-21,8051.0,3.6518765138663354
2021-01-22,7872.0,3.570683383077356
2021-01-25,7984.5,3.6217125853888654
2021-01-26,7957.0,3.6092387803793855
2021-01-27,7895.0,3.5811160199943757
2021-01-28,7778.5,3.528272446045124
2021-01-29,7877.0,3.5729513476245343
2021-02-01,7827.0,3.5502717021527523
2021-02-02,7755.5,3.517839809128104
2021-02-03,7832.5,3.552766463154648
2021-02-04,7833.5,3.5532200560640836
2021-02-05,7936.5,3.5999401257359547
2021-02-08,8007.0,3.6319184258511674
2021-02-09,8146.5,3.695194636717439
2021-02-10,8279.5,3.755522493672379
2021-02-11,8292.0,3.7611924050403247
2021-02-12,8270.5,3.7514401574874583
2021-02-15,8416.5,3.8176647222650617
2021-02-16,8439.5,3.8280973591820815
2021-02-17,8413.5,3.816303943536755
2021-02-18,8650.0,3.9235786666182837
2021-02-19,8806.5,3.994565956944961
2021-02-22,9067.5,4.112953706307663
2021-02-23,9158.0,4.154003864611589
2021-02-24,9286.0,4.212063757019351
2021-02-25,9614.5,4.361069027768958
2021-02-26,9172.5,4.160580961798406
2021-03-01,9198.0,4.172147580989014
2021-03-02,9213.5,4.1791782710852665
2021-03-03,9266.0,4.202991898830637
2021-03-04,8786.5,3.9854940987562486
2021-03-05,9021.5,4.0920884324736235
2021-03-08,8992.5,4.07893423809999
2021-03-09,8895.0,4.034708929430015
2021-03-10,8939.0,4.054667017445183
2021-03-11,9062.5,4.110685741760485
2021-03-12,9052.5,4.106149812666128
2021-03-15,9147.5,4.149241139062514
2021-03-16,8965.5,4.066687229545228
2021-03-17,9027.0,4.09458319347552
2021-03-18,9090.0,4.123159546769965
2021-03-19,9036.0,4.09866552966044
2021-03-22,9097.5,4.126561493590732
2021-03-23,9016.5,4.089820467926446
2021-03-24,9016.0,4.089593671471728
2021-03-25,8781.0,3.9829993377543524
2021-03-26,8929.0,4.0501310883508275
2021-03-29,8942.5,4.056254592628208
2021-03-30,8788.5,3.9864012845751198
2021-03-31,8850.5,4.01452404496013
2021-04-01,8768.0,3.977102629931689
2021-04-06,8984.5,4.075305494824505
2021-04-07,8981.5,4.073944716096198
2021-04-08,9001.5,4.083016574284911
2021-04-09,8993.0,4.0791610345547085
2021-04-12,8901.0,4.037430486886629
2021-04-13,8904.0,4.038791265614936
2021-04-14,9011.0,4.08732570692455
2021-04-15,9187.5,4.1673848554399395
2021-04-16,9336.0,4.234743402491133
2021-04-19,9415.0,4.270577242336548
2021-04-20,9396.5,4.262185773511988
2021-04-21,9382.5,4.255835472779889
2021-04-22,9475.5,4.298019613357404
2021-04-23,9545.5,4.329771117017899
2021-04-26,9758.0,4.426159610272973
2021-04-27,9898.5,4.48988941404868
2021-04-28,9832.5,4.459952282025927
2021-04-29,9990.0,4.531393165262041
2021-04-30,9949.0,4.512795855975179
2021-05-04,9961.0,4.518238970888407
2021-05-05,9991.5,4.532073554626194
2021-05-06,10025.5,4.547495713547006
2021-05-07,10361.0,4.699676134662663
2021-05-10,10724.5,4.864557157242518
2021-05-11,10528.0,4.775426150538415
2021-05-12,10537.0,4.779508486723336
2021-05-13,10253.5,4.650914896898332
2021-05-14,10212.0,4.632090791156753
2021-05-17,10257.0,4.652502472081356
2021-05-18,10465.0,4.74684979724397
2021-05-19,10114.5,4.587865482486778
2021-05-20,10086.0,4.574938084567862
2021-05-21,10011.0,4.540918616360189
2021-05-24,9868.0,4.4760548303108925
2021-05-25,9943.0,4.510074298518566
2021-05-26,9965.0,4.5200533425261495
2021-05-27,10032.5,4.550670863913056
2021-05-28,10159.5,4.6082771634113815
2021-06-01,10212.5,4.632317587611471
2021-06-02,10117.5,4.589226261215085
2021-06-03,9967.0,4.520960528345021
2021-06-04,9852.0,4.468797343759922
2021-06-07,9848.0,4.46698297212218
2021-06-08,9878.5,4.480817555859967
2021-06-09,9877.0,4.480137166495814
2021-06-10,9808.5,4.4490660521994725
2021-06-11,10029.0,4.5490832887300305
2021-06-14,9900.0,4.490569803412833
2021-06-15,9552.5,4.3329462673839485
2021-06-16,9508.0,4.312761382914062
2021-06-17,9427.5,4.276247153704493
2021-06-18,9206.0,4.1757763242645
2021-06-21,9042.5,4.101613883571773
2021-06-22,9190.5,4.168745634168247
2021-06-23,9289.5,4.213651332202375
2021-06-24,9390.5,4.259464216055375
2021-06-25,9432.5,4.278515118251672
2021-06-28,9333.5,4.233609420217543
2021-06-29,9225.5,4.184621385998494
2021-06-30,9385.0,4.256969455053479
2021-07-01,9342.0,4.237464959947746
2021-07-02,9296.5,4.2168264825684245
2021-07-05,9432.0,4.278288321796954
2021-07-06,9528.0,4.321833241102775
2021-07-07,9451.5,4.287133383530949
2021-07-08,9264.5,4.202311509466484
2021-07-09,9437.5,4.28078308279885
2021-07-12,9347.0,4.239732924494924
2021-07-13,9310.0,4.222949986845806
2021-07-14,9309.0,4.22249639393637
2021-07-15,9347.0,4.239732924494924
2021-07-16,9396.5,4.262185773511988
2021-07-19,9264.5,4.202311509466484
2021-07-20,9211.0,4.1780442888116776
2021-07-21,9271.5,4.205486659832534
2021-07-22,9382.5,4.255835472779889
2021-07-23,9433.5,4.278968711161108
2021-07-26,9580.0,4.345420072393429
2021-07-27,9709.0,4.4039335577106264
2021-07-28,9697.0,4.3984904427973985
2021-07-29,9781.0,4.436592247189992
2021-07-30,9747.5,4.421396884723898
2021-08-02,9737.0,4.416634159174824
2021-08-03,9583.5,4.347007647576453
2021-08-04,9503.0,4.310493418366884
2021-08-05,9429.0,4.276927543068647
2021-08-06,9529.5,4.322513630466929
2021-08-09,9311.5,4.223630376209959
2021-08-10,9409.5,4.268082481334652
2021-08-11,9421.0,4.273298799793162
2021-08-12,9508.5,4.31298817936878
2021-08-13,9429.5,4.277154339523364
2021-08-16,9377.0,4.2533407117779936
2021-08-17,9346.5,4.239506128040206
2021-08-18,9148.5,4.14969473197195
2021-08-19,8775.5,3.9805045767524563
2021-08-20,8922.0,4.0469559379847775
2021-08-23,9237.0,4.1898377044570045
2021-08-24,9316.5,4.225898340757137
2021-08-25,9378.5,4.254021101142147
2021-08-26,9323.0,4.228846694668469
2021-08-27,9352.0,4.242000889042103
2021-08-31,9462.5,4.2921229055347405
2021-09-01,9312.0,4.223857172664677
2021-09-02,9347.0,4.239732924494924
2021-09-03,9361.0,4.246083225227023
2021-09-06,9401.5,4.264453738059167
2021-09-07,9325.0,4.2297538804873405
2021-09-08,9256.0,4.1984559697362815
2021-09-09,9356.5,4.244042057134563
2021-09-10,9515.0,4.315936533280112
2021-09-13,9627.0,4.366738939136904
2021-09-14,9407.0,4.266948499061063
2021-09-15,9488.5,4.3039163211800675
2021-09-16,9392.0,4.260144605419528
2021-09-17,9435.5,4.279875896979979
2021-09-20,9145.5,4.148333953243643
2021-09-21,9106.0,4.130417033320935
2021-09-22,9255.0,4.198002376826846
2021-09-23,9252.0,4.196641598098538
2021-09-24,9275.0,4.2070742350155585
2021-09-27,9341.0,4.237011367038311
2021-09-28,9263.0,4.201631120102331
2021-09-29,9227.0,4.185301775362648
2021-09-30,9041.0,4.100933494207618
2021-10-01,9113.0,4.133592183686985
2021-10-04,9267.5,4.203672288194791
2021-10-05,9091.5,4.123839936134119
2021-10-06,9096.0,4.125881104226579
2021-10-07,9177.0,4.162622129890866
2021-10-08,9246.0,4.193920040641925
2021-10-11,9527.0,4.321379648193339
2021-10-12,9585.0,4.347688036940607
2021-10-13,9661.0,4.382161098057716
2021-10-14,9971.0,4.522774899982764
2021-10-15,10555.0,4.787673159093178
2021-10-18,10500.0,4.762725549074217
2021-10-19,10652.0,4.831671671308435
2021-10-20,10161.0,4.608957552775535
2021-10-21,10051.0,4.559062332737615
2021-10-22,9992.0,4.532300351080912
2021-10-25,10050.0,4.55860873982818
2021-10-26,9988.0,4.53048597944317
2021-10-27,9849.5,4.467663361486333
2021-10-28,9860.0,4.472426087035408
2021-10-29,9955.0,4.515517413431794
2021-11-01,9875.0,4.4792299806769424
2021-11-02,9817.0,4.452921591929675
2021-11-03,9825.0,4.4565503352051605
2021-11-04,9785.0,4.4384066188277345
2021-11-05,9740.0,4.417994937903131
2021-11-08,9885.0,4.483765909771298
2021-11-09,10002.0,4.536836280175269
2021-11-10,9791.0,4.441128176284349
2021-11-11,9850.0,4.467890157941051
2021-11-12,9854.5,4.469931326033512
2021-11-15,9845.0,4.465622193393873
2021-11-16,9680.0,4.390779363336993
2021-11-17,9495.0,4.306864675091399
2021-11-18,9450.0,4.286452994166796
2021-11-19,9620.5,4.363790585225572
2021-11-22,9730.0,4.413459008808775
2021-11-23,9825.5,4.456777131659878
2021-11-24,9852.0,4.468797343759922
2021-11-25,9932.0,4.5050847765147735
2021-11-26,9630.0,4.368099717865211
2021-11-29,9751.0,4.422984459906923
2021-11-30,9605.0,4.356759895129319
2021-12-01,9571.0,4.341337736208508
2021-12-02,9520.0,4.31820449782729
2021-12-03,9513.0,4.315029347461241
2021-12-06,9526.0,4.320926055283904
2021-12-07,9647.0,4.375810797325617
2021-12-08,9555.5,4.334307046112255
2021-12-09,9578.0,4.344512886574558
2021-12-10,9543.0,4.3286371347443096
2021-12-13,9500.0,4.309132639638578
2021-12-14,9485.0,4.302328745997043
2021-12-15,9290.0,4.213878128657093
2021-12-16,9506.0,4.311854197095191
2021-12-17,9520.0,4.31820449782729
2021-12-20,9406.0,4.266494906151627
2021-12-21,9521.0,4.318658090736726
2021-12-22,9625.0,4.365831753318032
2021-12-23,9606.0,4.357213488038755
2021-12-24,9582.0,4.3463272582123
2021-12-29,9655.0,4.379439540601101
2021-12-30,9715.0,4.40665511516724
2021-12-31,9692.0,4.396222478250221
2022-01-04,9660.0,4.38170750514828
2022-01-05,9778.0,4.435231468461685
2022-01-06,9565.0,4.338616178751894
2022-01-07,9615.0,4.361295824223676
2022-01-10,9665.0,4.383975469695458
2022-01-11,9662.0,4.382614690967151
2022-01-12,9945.0,4.510981484337437
2022-01-13,9972.0,4.5232284928921995
2022-01-14,9900.0,4.490569803412833
2022-01-17,9674.5,4.388284602335096
2022-01-18,9707.0,4.403026371891754
2022-01-19,9801.0,4.445664105378705
2022-01-20,9925.0,4.501909626148724
2022-01-21,9970.0,4.522321307073328
2022-01-24,9800.0,4.445210512469269
2022-01-25,9744.0,4.419809309540874
2022-01-26,9965.0,4.5200533425261495
2022-01-27,9872.0,4.477869201948636
2022-01-28,9678.0,4.3898721775181215
2022-01-31,9620.0,4.363563788770854
2022-02-01,9701.0,4.400304814435141
2022-02-02,9880.0,4.48149794522412
2022-02-03,9785.0,4.4384066188277345
2022-02-04,9875.0,4.4792299806769424
2022-02-07,9850.0,4.467890157941051
2022-02-08,9760.0,4.427066796091844
2022-02-09,9881.0,4.481951538133556
2022-02-10,10220.5,4.635946330886956
2022-02-11,10040.0,4.554072810733823
2022-02-14,9882.0,4.4824051310429915
2022-02-15,10020.0,4.54500095254511
2022-02-16,10045.5,4.556567571735719
2022-02-17,10010.0,4.5404650234507535
2022-02-18,10015.0,4.5427329879979315
2022-02-21,9960.0,4.517785377978972
2022-02-22,10020.0,4.54500095254511
2022-02-23,10005.0,4.538197058903576
2022-02-24,9983.0,4.528218014895991
2022-02-25,9920.0,4.499641661601546
2022-02-28,9974.0,4.524135678711071
2022-03-01,9976.0,4.525042864529942
2022-03-02,10257.5,4.652729268536074
2022-03-03,10470.0,4.7491177617911475
2022-03-04,10466.0,4.747303390153405
2022-03-07,10730.0,4.867051918244414
2022-03-08,10171.0,4.613493481869892
2022-03-09,10052.0,4.559515925647051
2022-03-10,10144.0,4.601246473315129
2022-03-11,10145.0,4.601700066224565
2022-03-14,9880.0,4.48149794522412
2022-03-15,9826.0,4.457003928114596
2022-03-16,10100.5,4.581515181754679
2022-03-17,10166.0,4.611225517322714
2022-03-18,10249.0,4.648873728805872
2022-03-21,10173.0,4.614400667688763
2022-03-22,10342.0,4.691057869383386
2022-03-23,10311.0,4.6769964891908815
2022-03-24,10421.0,4.726891709228801
2022-03-25,10280.0,4.662935108998377
2022-03-28,10227.0,4.638894684798287
2022-03-29,10350.0,4.694686612658871
2022-03-30,10390.5,4.713057125491015
2022-03-31,10337.0,4.688789904836208
2022-04-01,10247.0,4.6479665429870005
2022-04-04,10301.5,4.672687356551243
2022-04-05,10426.0,4.72915967377598
2022-04-06,10350.5,4.694913409113589
2022-04-07,10292.0,4.668378223911604
2022-04-08,10390.0,4.712830329036297
2022-04-11,10235.5,4.64275022452849
2022-04-12,10201.0,4.627101269152961
2022-04-13,10290.5,4.66769783454745
2022-04-14,10277.0,4.66157433027007
2022-04-19,10381.0,4.708747992851376
2022-04-20,10215.0,4.63345156988506
2022-04-21,10268.0,4.657491994085149
2022-04-22,10230.5,4.6404822599813125
2022-04-25,9919.0,4.499188068692111
2022-04-26,9912.5,4.496239714780779
2022-04-27,9910.0,4.49510573250719
2022-04-28,9812.0,4.450653627382497
2022-04-29,9820.5,4.4545091671126995
2022-05-03,9511.0,4.314122161642369
2022-05-04,9474.0,4.297339223993251
2022-05-05,9541.0,4.327729948925438
2022-05-06,9428.0,4.276473950159211
2022-05-09,9160.0,4.15491105043046
2022-05-10,9350.0,4.241093703223231
2022-05-11,9367.0,4.248804782683638
2022-05-12,9018.5,4.090727653745317
2022-05-13,9064.0,4.111366131124639
2022-05-16,9270.0,4.204806270468381
2022-05-17,9396.0,4.261958977057271
2022-05-18,9264.5,4.202311509466484
2022-05-19,9287.0,4.2125173499287865
2022-05-20,9477.0,4.298700002721557
2022-05-23,9500.5,4.309359436093295
2022-05-24,9460.5,4.291215719715869
2022-05-25,9287.0,4.2125173499287865
2022-05-26,9359.0,4.245176039408152
2022-05-27,9383.0,4.256062269234608
2022-05-30,9520.5,4.318431294282008
2022-05-31,9500.5,4.309359436093295
2022-06-01,9455.0,4.288720958713974
2022-06-06,9712.0,4.405294336438933
2022-06-07,9612.0,4.359935045495369
2022-06-08,9692.0,4.396222478250221
2022-06-09,9630.0,4.368099717865211
2022-06-10,9537.0,4.325915577287696
2022-06-13,9290.0,4.213878128657093
2022-06-14,9263.0,4.201631120102331
2022-06-15,9257.0,4.198909562645717
2022-06-16,9105.0,4.129963440411499
2022-06-17,9101.0,4.128149068773757
2022-06-20,8875.0,4.025637071241302
2022-06-21,9000.0,4.082336184920758
2022-06-22,8729.0,3.9594125064636994
2022-06-23,8578.0,3.8909199771389176
2022-06-24,8280.5,3.7559760865818146
2022-06-27,8353.0,3.7888615725158985
2022-06-28,8502.0,3.856446916021809
2022-06-29,8446.0,3.8310457130934132
2022-06-30,8245.0,3.7398735382968495
2022-07-01,7975.5,3.6176302492039447
2022-07-04,8036.0,3.6450726202248007
2022-07-05,7807.0,3.5411998439640393
2022-07-06,7525.5,3.4135134399579066
2022-07-07,7835.0,3.553900445428237
2022-07-08,7790.0,3.5334887645036335
2022-07-11,7623.0,3.4577387486278814
2022-07-12,7370.5,3.3432065389953824
2022-07-13,7267.0,3.296259672868794
2022-07-14,7216.0,3.273126434487576
2022-07-15,7000.0,3.175150366049478
2022-07-18,7320.0,3.3203000970688827
2022-07-19,7281.5,3.3028367700556105
2022-07-20,7371.0,3.3434333354501002
2022-07-21,7231.5,3.2801571245838286
2022-07-22,7372.0,3.3438869283595363
2022-07-25,7448.0,3.3783599894766447
2022-07-26,7591.5,3.443450571980659
2022-07-27,7552.0,3.4255336520579514
2022-07-28,7712.0,3.4981085175676534
2022-07-29,7800.5,3.5382514900527076
2022-08-01,7930.5,3.5972185682793407
2022-08-02,7819.0,3.546642958877267
2022-08-03,7774.0,3.5262312779526632
2022-08-04,7642.0,3.466357013907159
2022-08-05,7830.5,3.551859277335777
2022-08-08,7835.0,3.553900445428237
2022-08-09,7971.5,3.615815877566202
2022-08-10,7976.0,3.6178570456586625
2022-08-11,8140.0,3.6922462828061073
2022-08-12,8065.0,3.6582268145984345
2022-08-15,7865.5,3.567735029166024
2022-08-16,7992.0,3.6251145322096328
2022-08-17,7955.0,3.608331594560514
2022-08-18,8020.0,3.6378151336738305
2022-08-19,8051.0,3.6518765138663354
2022-08-22,8041.0,3.647340584771979
2022-08-23,8100.5,3.6743293628833995
2022-08-24,8031.5,3.6430314521323406
2022-08-25,8155.0,3.699050176447642
2022-08-26,8315.0,3.7716250419573445
2022-08-30,7910.5,3.588146710090628
2022-08-31,7721.0,3.502190853752574
2022-09-01,7702.0,3.493572588473297
2022-09-02,7587.0,3.4414094038881986
2022-09-05,7652.5,3.471119739456233
2022-09-06,7707.0,3.4958405530204755
2022-09-07,7730.0,3.5062731899374953
2022-09-08,7906.0,3.5861055419981676
2022-09-09,7985.0,3.621939381843583
2022-09-12,8026.0,3.6405366911304444
2022-09-13,8230.0,3.733069644655315
2022-09-14,7865.0,3.5675082327113063
2022-09-15,7806.0,3.5407462510546037
2022-09-16,7792.0,3.5343959503225046
2022-09-19,7772.0,3.525324092133792
2022-09-20,7796.0,3.5362103219602474
2022-09-21,7761.5,3.5205613665847175
2022-09-22,7815.0,3.5448285872395244
2022-09-23,7446.0,3.3774528036577736
2022-09-26,7449.0,3.3788135823860803
2022-09-27,7475.0,3.390606998031407
2022-09-28,7353.0,3.335268663080259
2022-09-29,7660.5,3.474748482731718
2022-09-30,7647.0,3.468624978454337
2022-10-03,7524.0,3.412833050593753
2022-10-04,7596.0,3.4454917400731193
2022-10-05,7661.0,3.474975279186436
2022-10-06,7744.0,3.512623490669594
2022-10-07,7575.5,3.436193085429689
2022-10-10,7655.0,3.472253721729822
2022-10-11,7587.0,3.4414094038881986
2022-10-12,7625.5,3.458872730901471
2022-10-13,7663.0,3.475882465005307
2022-10-14,7688.0,3.487222287741198
2022-10-17,7715.0,3.4994692962959606
2022-10-18,7536.0,3.418276165506981
2022-10-19,7420.0,3.3656593880124466
2022-10-20,7585.5,3.4407290145240452
2022-10-21,7545.0,3.422358501691902
2022-10-24,7661.0,3.474975279186436
2022-10-25,7536.0,3.418276165506981
2022-10-26,7762.5,3.5210149594941536
2022-10-27,7777.0,3.52759205668097
2022-10-28,7663.5,3.476109261460025
2022-10-31,7525.0,3.4132866435031888
2022-11-01,7745.0,3.5130770835790295
2022-11-02,7705.0,3.494933367201604
2022-11-03,7510.0,3.406482749861654
2022-11-04,7905.0,3.585651949088732
2022-11-07,7954.5,3.608104798105796
2022-11-08,7974.0,3.6169498598397913
2022-11-09,8035.0,3.644619027315365
2022-11-10,8065.0,3.6582268145984345
2022-11-11,8441.0,3.828777748546235
2022-11-14,8346.0,3.785686422149849
2022-11-15,8343.0,3.784325643421542
2022-11-16,8315.0,3.7716250419573445
2022-11-17,8155.0,3.699050176447642
2022-11-18,8047.0,3.650062142228593
2022-11-21,7900.5,3.583610780996272
2022-11-22,7996.0,3.626928903847375
2022-11-23,7962.0,3.6115067449265634
2022-11-24,7990.5,3.6244341428454794
2022-11-25,8070.0,3.6604947791456124
2022-11-28,7966.0,3.613321116564306
2022-11-29,8035.5,3.644845823770083
2022-11-30,8198.0,3.7185546715533744
2022-12-01,8216.5,3.7269461403779336
2022-12-02,8342.0,3.7838720505121066
2022-12-05,8440.0,3.8283241556367993
2022-12-06,8355.5,3.789995554789488
2022-12-07,8334.0,3.7802433072366215
2022-12-08,8537.0,3.8723226678520564
2022-12-09,8490.5,3.851230597563299
2022-12-12,8371.5,3.797253041340458
2022-12-13,8381.0,3.8015621739800967
2022-12-14,8415.0,3.8169843329009083
2022-12-15,8383.0,3.802469359798968
2022-12-16,8231.5,3.7337500340194683
2022-12-19,8331.0,3.7788825285083147
2022-12-20,8302.0,3.765728334134681
2022-12-21,8327.0,3.777068156870572
2022-12-22,8345.5,3.785459625695131
2022-12-23,8308.5,3.7686766880460127
2022-12-28,8451.0,3.833313677640591
2022-12-29,8395.0,3.8079124747121953
2022-12-30,8387.0,3.80428373143671
2023-01-03,8390.0,3.8056445101650174
2023-01-04,8209.0,3.7235441935571667
2023-01-05,8420.0,3.8192522974480867
2023-01-06,8362.5,3.793170705155537
2023-01-09,8722.0,3.95623735609765
2023-01-10,8766.5,3.9764222405675356
2023-01-11,8987.0,4.076439477098094
2023-01-12,9071.5,4.1147680779454054
2023-01-13,9107.0,4.130870626230371
2023-01-16,9145.5,4.148333953243643
2023-01-17,9114.0,4.1340457765964205
2023-01-18,9436.0,4.280102693434697
2023-01-19,9190.0,4.168518837713529
2023-01-20,9232.0,4.187569739909826
2023-01-23,9340.5,4.236784570583593
2023-01-24,9308.0,4.222042801026935
2023-01-25,9258.0,4.199363155555153
2023-01-26,9288.5,4.21319773929294
2023-01-27,9345.5,4.239052535130771
2023-01-30,9227.0,4.185301775362648
2023-01-31,9075.0,4.116355653128431
2023-02-01,9175.0,4.161714944071995
2023-02-02,9114.0,4.1340457765964205
2023-02-03,9060.0,4.109551759486896
2023-02-06,8891.5,4.03312135424699
2023-02-07,8865.0,4.0211011421469465
2023-02-08,9006.0,4.085057742377371
2023-02-09,8953.5,4.061244114632
2023-02-10,8905.0,4.039244858524372
2023-02-13,8912.0,4.042420008890422
2023-02-14,8931.5,4.051265070624416
2023-02-15,8826.0,4.003411018678956
2023-02-16,8892.0,4.033348150701708
2023-02-17,8871.0,4.02382269960356
2023-02-20,9015.0,4.089140078562292
2023-02-21,9103.5,4.129283051047346
2023-02-22,9121.0,4.13722092696247
2023-02-23,9060.0,4.109551759486896
2023-02-24,8807.0,3.994792753399679
2023-02-27,8751.0,3.969391550471283
2023-02-28,8844.0,4.011575691048797
2023-03-01,9066.5,4.1125001133982275
2023-03-02,8896.0,4.035162522339451
2023-03-03,8945.0,4.057388574901798
2023-03-06,8819.0,4.000235868312907
2023-03-07,8824.0,4.002503832860085
2023-03-08,8810.0,3.996153532127986
2023-03-09,8808.0,3.9952463463091146
2023-03-10,8755.0,3.971205922109026
2023-03-13,8651.0,3.9240322595277193
2023-03-14,8905.0,4.039244858524372
2023-03-15,8525.0,3.8668795529388285
2023-03-16,8535.0,3.871415482033185
2023-03-17,8621.0,3.91042447224465
2023-03-20,8677.0,3.935825675173046
2023-03-21,8824.0,4.002503832860085
2023-03-22,8880.5,4.028131832243199
2023-03-23,8917.0,4.0446879734376
2023-03-24,8927.0,4.049223902531955
2023-03-27,8876.0,4.026090664150738
2023-03-28,8934.0,4.052399052898005
2023-03-29,9052.0,4.105923016211411
2023-03-30,9038.5,4.099799511934029
2023-03-31,8935.0,4.052852645807441
2023-04-03,8966.0,4.066914025999946
2023-04-04,8930.0,4.050584681260263
2023-04-05,8780.0,3.982545744844917
2023-04-06,8836.0,4.007946947773313
2023-04-11,8837.5,4.008627337137466
2023-04-12,8803.0,3.9929783817619366
2023-04-13,9001.5,4.083016574284911
2023-04-14,9082.0,4.11953080349448
2023-04-17,8985.0,4.075532291279223
2023-04-18,8966.0,4.066914025999946
2023-04-19,8875.0,4.025637071241302
2023-04-20,8875.0,4.025637071241302
2023-04-21,8816.0,3.9988750895845997
2023-04-24,8762.5,3.9746078689297932
2023-04-25,8521.0,3.865065181301086
2023-04-26,8579.0,3.891373570048353
2023-04-27,8465.5,3.839890774827408
2023-04-28,8571.0,3.887744826772868
2023-05-02,8573.0,3.888652012591739
2023-05-03,8486.0,3.849189429470839
2023-05-04,8539.0,3.8732298536709275
2023-05-05,8488.0,3.85009661528971
2023-05-09,8583.0,3.893187941686096
2023-05-10,8469.0,3.841478350010433
2023-05-11,8267.0,3.7498525823044337
2023-05-12,8240.0,3.737605573749671
2023-05-15,8287.0,3.7589244404931463
2023-05-16,8076.0,3.6632163366022263
2023-05-17,8176.0,3.70857562754579
2023-05-18,8171.5,3.70653445945333
2023-05-19,8222.0,3.7294409013798298
2023-05-22,8094.0,3.6713810089720678
2023-05-23,7961.0,3.611053152017128
2023-05-24,7910.0,3.5879199136359103
2023-05-25,7922.0,3.593363028549138
2023-05-26,8082.0,3.6659378940588403
2023-05-30,8122.0,3.684081610436266
2023-05-31,8017.0,3.6364543549455237
2023-06-01,8210.5,3.72422458292132
2023-06-02,8337.0,3.7816040859649283
2023-06-05,8265.0,3.748945396485562
2023-06-06,8311.0,3.7698106703196017
2023-06-07,8352.0,3.788407979606463
2023-06-08,8243.0,3.7389663524779784
2023-06-09,8368.0,3.795665466157433
2023-06-12,8287.0,3.7589244404931463
2023-06-13,8421.5,3.81993268681224
2023-06-14,8457.0,3.836035235097205
2023-06-15,8479.0,3.8460142791047893
2023-06-16,8561.0,3.8832088976785117
2023-06-19,8542.0,3.8745906323992347
2023-06-20,8565.0,3.885023269316254
2023-06-21,8490.0,3.851003801108581
2023-06-22,8670.5,3.932877321261714
2023-06-23,8490.0,3.851003801108581
2023-06-26,8437.0,3.8269633769084925
2023-06-27,8367.0,3.7952118732479976
2023-06-28,8268.0,3.7503061752138693
2023-06-29,8165.5,3.703812901996716
2023-06-30,8210.0,3.7239977864666023
2023-07-03,8355.0,3.78976875833477
2023-07-04,8349.0,3.787047200878156
2023-07-05,8251.0,3.7425950957534635
2023-07-06,8280.0,3.755749290127097
2023-07-07,8299.0,3.7643675554063742
2023-07-10,8286.0,3.7584708475837107
2023-07-11,8371.0,3.79702624488574
2023-07-12,8367.0,3.7952118732479976
2023-07-13,8585.0,3.894095127504967
2023-07-14,8651.0,3.9240322595277193
2023-07-17,8460.5,3.8376228102802297
2023-07-18,8410.0,3.81471636835373
2023-07-19,8354.0,3.789315165425334
2023-07-20,8543.0,3.8750442253086703
2023-07-21,8422.0,3.820159483266958
2023-07-24,8430.0,3.823788226542443
2023-07-25,8597.0,3.8995382424181946
2023-07-26,8534.0,3.8709618891237496
2023-07-27,8578.5,3.8911467735936354
2023-07-28,8592.0,3.8972702778710167
2023-07-31,8635.5,3.917001569431467
2023-08-01,8720.5,3.9555569667334964
2023-08-02,8545.0,3.8759514111275415
2023-08-03,8472.0,3.84283912873874
2023-08-04,8450.5,3.8330868811858734
2023-08-07,8495.0,3.8532717656557596
2023-08-08,8276.0,3.7539349184893545
2023-08-09,8395.0,3.8079124747121953
2023-08-10,8423.5,3.8208398726311112
2023-08-11,8242.0,3.738512759568543
2023-08-14,8242.0,3.738512759568543
2023-08-15,8126.5,3.686122778528726
2023-08-16,8132.0,3.688617539530622
2023-08-17,8215.0,3.72626575101378
2023-08-18,8176.0,3.70857562754579
2023-08-21,8239.5,3.7373787772949534
2023-08-22,8342.0,3.7838720505121066
2023-08-23,8377.5,3.7999745987970717
2023-08-24,8358.5,3.7913563335177947
2023-08-25,8381.5,3.8017889704348145
2023-08-29,8375.0,3.7988406165234827
2023-08-30,8394.5,3.8076856782574775
2023-08-31,8359.5,3.7918099264272302
2023-09-01,8515.0,3.862343623844472
2023-09-04,8406.0,3.8129019967159876
2023-09-05,8430.0,3.823788226542443
2023-09-06,8395.0,3.8079124747121953
2023-09-07,8242.5,3.7387395560232606
2023-09-08,8225.0,3.730801680108137
2023-09-11,8332.5,3.779562917872468
2023-09-12,8337.5,3.781830882419646
2023-09-13,8353.0,3.7888615725158985
2023-09-14,8423.0,3.8206130761763935
2023-09-15,8376.5,3.799521005887636
2023-09-18,8320.0,3.7738930065045224
2023-09-19,8233.5,3.73465721983834
2023-09-20,8277.0,3.75438851139879
2023-09-21,8101.0,3.6745561593381173
2023-09-22,8188.0,3.714018742459018
2023-09-25,8107.0,3.6772777167947313
2023-09-26,8066.0,3.65868040750787
2023-09-27,8017.0,3.6364543549455237
2023-09-28,8112.0,3.6795456813419096
2023-09-29,8230.5,3.7332964411100327
2023-10-02,8100.5,3.6743293628833995
2023-10-03,7960.0,3.6105995591076923
2023-10-04,7910.5,3.588146710090628
2023-10-05,7812.5,3.5436946049659355
2023-10-06,7887.0,3.5774872767188906
2023-10-09,8015.5,3.6357739655813703
2023-10-10,7907.5,3.586785931362321
2023-10-11,7943.5,3.603115276102004
2023-10-12,7995.0,3.6264753109379395
2023-10-13,7891.0,3.579301648356633
2023-10-16,7920.0,3.5924558427302666
2023-10-17,7846.5,3.559116763886747
2023-10-18,7947.5,3.6049296477397466
2023-10-19,7938.0,3.600620515100108
2023-10-20,7876.0,3.5724977547150987
2023-10-23,7824.5,3.549137719879163
2023-10-24,7900.5,3.583610780996272
2023-10-25,7946.0,3.604249258375593
2023-10-26,7939.0,3.6010741080095436
2023-10-27,7963.5,3.612187134290717
2023-10-30,8110.0,3.678638495523038
2023-10-31,8038.0,3.645979806043672
2023-11-01,8041.0,3.647340584771979
2023-11-02,8066.0,3.65868040750787
2023-11-03,8070.5,3.66072157560033
2023-11-06,8136.5,3.690658707623083
2023-11-07,8068.0,3.659587593326741
2023-11-08,8088.0,3.6686594515154543
2023-11-09,8030.5,3.642577859222905
2023-11-10,8006.0,3.631464832941732
2023-11-13,8014.5,3.6353203726719348
2023-11-14,8081.0,3.6654843011494047
2023-11-15,8169.0,3.705400477179741
2023-11-16,8165.5,3.703812901996716
2023-11-17,8141.0,3.692699875715543
2023-11-20,8247.0,3.7407807241157207
2023-11-21,8324.0,3.775707378142265
2023-11-22,8296.0,3.763006776678067
2023-11-23,8307.5,3.768223095136577
2023-11-24,8300.0,3.76482114831581
2023-11-27,8281.0,3.7562028830365324
2023-11-28,8278.0,3.7548421043082256
2023-11-29,8384.0,3.8029229527084034
2023-11-30,8332.0,3.7793361214177503
2023-12-01,8456.0,3.8355816421877695
2023-12-04,8417.0,3.8178915187197795
2023-12-05,8259.0,3.7462238390289486
2023-12-06,8297.0,3.7634603695875026
2023-12-07,8221.0,3.728987308470394
2023-12-08,8348.0,3.7865936079687206
2023-12-11,8275.5,3.7537081220346367
2023-12-12,8272.0,3.7521205468516117
2023-12-13,8205.0,3.721729821919424
2023-12-14,8461.5,3.8380764031896657
2023-12-15,8471.0,3.842385535829304
2023-12-18,8423.0,3.8206130761763935
2023-12-19,8439.0,3.8278705627273637
2023-12-20,8466.5,3.8403443677368436
2023-12-21,8460.0,3.837396013825512
2023-12-22,8499.0,3.855086137293502
2023-12-27,8511.5,3.8607560486614476
2023-12-28,8530.0,3.869147517486007
2023-12-29,8476.0,3.844653500376482
2024-01-02,8430.0,3.823788226542443
2024-01-03,8381.0,3.8015621739800967
2024-01-04,8375.0,3.7988406165234827
2024-01-05,8346.5,3.7859132186045668
2024-01-08,8295.0,3.7625531837686315
2024-01-09,8301.5,3.765501537679963
2024-01-10,8285.0,3.758017254674275
2024-01-11,8332.0,3.7793361214177503
2024-01-12,8289.0,3.7598316263120175
2024-01-15,8238.5,3.736925184385518
2024-01-16,8280.0,3.755749290127097
2024-01-17,8230.0,3.733069644655315
2024-01-18,8189.0,3.7144723353684537
2024-01-19,8275.0,3.753481325579919
2024-01-22,8254.5,3.744182670936488
2024-01-23,8283.5,3.757336865310122
2024-01-24,8460.0,3.837396013825512
2024-01-25,8486.0,3.849189429470839
2024-01-26,8447.0,3.831499306002849
2024-01-29,8421.0,3.8197058903575223
2024-01-30,8462.0,3.8383031996443835
2024-01-31,8513.0,3.861436438025601
2024-02-01,8437.0,3.8269633769084925
2024-02-02,8400.0,3.8101804392593737
2024-02-05,8329.0,3.777975342689443
2024-02-06,8280.0,3.755749290127097
2024-02-07,8280.5,3.7559760865818146
2024-02-08,8202.0,3.720369043191117
2024-02-09,8091.5,3.670247026698479
2024-02-12,8085.5,3.667525469241865
2024-02-13,8185.0,3.7126579637307113
2024-02-14,8133.5,3.6892979288947756
2024-02-15,8153.0,3.698142990628771
2024-02-16,8322.0,3.7748001923233936
2024-02-19,8364.5,3.7940778909744086
2024-02-20,8366.5,3.79498507679328
2024-02-21,8472.0,3.84283912873874
2024-02-22,8482.0,3.847375057833096
2024-02-23,8442.5,3.8294581379103882
2024-02-26,8373.0,3.7979334307046115
2024-02-27,8396.5,3.808592864076349
2024-02-28,8340.5,3.7831916611479532
2024-02-29,8389.0,3.805190917255582
2024-03-01,8394.0,3.8074588818027597
2024-03-04,8437.0,3.8269633769084925
2024-03-05,8429.5,3.823561430087725
2024-03-06,8441.0,3.828777748546235
2024-03-07,8559.0,3.8823017118596406
2024-03-08,8552.5,3.879353357948309
2024-03-11,8522.0,3.8655187742105217
2024-03-12,8566.0,3.8854768622256897
2024-03-13,8727.0,3.9585053206448277
2024-03-14,8791.5,3.9877620633034265
2024-03-15,8906.5,4.039925247888525
2024-03-18,8973.0,4.070089176365995
2024-03-19,8875.0,4.025637071241302
2024-03-20,8790.0,3.987081673939273
2024-03-21,8873.5,4.024956681877149
2024-03-22,8741.0,3.964855621376927
2024-03-25,8745.0,3.9666699930146696
2024-03-26,8764.0,3.9752882582939466
2024-03-27,8696.0,3.944443940452323
2024-03-28,8729.0,3.9594125064636994
2024-04-02,8920.0,4.046048752165906
2024-04-03,8932.0,4.051491867079134
2024-04-04,9257.0,4.198909562645717
2024-04-05,9198.0,4.172147580989014
2024-04-08,9301.0,4.218867650660885
2024-04-09,9295.5,4.216372889658989
2024-04-10,9365.0,4.247897596864766
2024-04-11,9240.5,4.191425279640029
2024-04-12,9402.0,4.264680534513885
2024-04-15,9390.0,4.259237419600657
2024-04-16,9377.0,4.2533407117779936
2024-04-17,9434.0,4.2791955076158255
2024-04-18,9617.0,4.362203010042547
2024-04-19,9749.0,4.422077274088052
2024-04-22,9814.5,4.451787609656086
2024-04-23,9599.0,4.354038337672706
2024-04-24,9671.0,4.3866970271520715
2024-04-25,9791.0,4.441128176284349
2024-04-26,9869.0,4.476508423220328
2024-04-29,9935.0,4.506445555243081
2024-04-30,9973.5,4.523908882256353
2024-05-01,9791.0,4.441128176284349
2024-05-02,9660.0,4.38170750514828
2024-05-03,9737.0,4.416634159174824
2024-05-07,9847.0,4.466529379212744
2024-05-08,9740.0,4.417994937903131
2024-05-09,9728.0,4.4125518229899034
2024-05-10,9942.0,4.50962070560913
2024-05-13,10009.0,4.540011430541318
2024-05-14,10077.0,4.570855748382941
2024-05-15,10221.0,4.6361731273416735
2024-05-16,10308.0,4.675635710462574
2024-05-17,10398.0,4.716459072311782
2024-05-20,10857.0,4.92465821774274
2024-05-21,10775.0,4.887463599169018
2024-05-22,10447.0,4.738685124874128
2024-05-23,10290.5,4.66769783454745
2024-05-24,10256.5,4.652275675626639
2024-05-28,10331.0,4.686068347379594
2024-05-29,10294.0,4.669285409730476
2024-05-30,10016.5,4.543413377362086
2024-05-31,9985.0,4.529125200714863
2024-06-03,9985.5,4.529351997169581
2024-06-04,9858.5,4.471745697671254
2024-06-05,9769.0,4.431149132276764
2024-06-06,9930.0,4.504177590695902
2024-06-07,9840.0,4.463354228846695
2024-06-10,9694.5,4.39735646052381
2024-06-11,9567.0,4.339523364570765
2024-06-12,9697.5,4.398717239252116
2024-06-13,9733.0,4.414819787537081
2024-06-14,9650.0,4.377171576053923
2024-06-17,9477.0,4.298700002721557
2024-06-18,9426.0,4.27556676434034
2024-06-19,9652.0,4.3780787618727945
2024-06-20,9648.0,4.376264390235052
2024-06-21,9563.0,4.337708992933023
2024-06-24,9530.0,4.322740426921647
2024-06-25,9492.0,4.305503896363092
2024-06-26,9420.0,4.272845206883726
2024-06-27,9422.5,4.273979189157315
2024-06-28,9476.5,4.29847320626684
2024-07-01,9517.0,4.3168437190989835
2024-07-02,9546.5,4.330224709927335
2024-07-03,9623.0,4.364924567499161
2024-07-04,9726.5,4.41187143362575
2024-07-05,9809.0,4.44929284865419
2024-07-08,9808.0,4.448839255744755
2024-07-09,9762.0,4.427973981910715
2024-07-10,9696.0,4.398036849887963
2024-07-11,9693.5,4.396902867614374
2024-07-12,9673.0,4.387604212970943
2024-07-15,9679.5,4.390552566882275
2024-07-16,9565.5,4.338842975206612
2024-07-17,9533.0,4.324101205649954
2024-07-18,9342.0,4.237464959947746
2024-07-19,9214.0,4.179405067539984
2024-07-22,9127.5,4.140169280873802
2024-07-23,9052.5,4.106149812666128
2024-07-24,9018.5,4.090727653745317
2024-07-25,8917.0,4.0446879734376
2024-07-26,9018.5,4.090727653745317
2024-07-29,8906.0,4.039698451433807
2024-07-30,8809.0,3.99569993921855
2024-07-31,9014.5,4.088913282107574
2024-08-01,8998.0,4.081428999101886
2024-08-02,8977.0,4.071903548003738
2024-08-05,8620.5,3.910197675789932
2024-08-06,8715.0,3.9530622057316003
2024-08-07,8685.0,3.939454418448531
2024-08-08,8649.0,3.923125073708848
2024-08-09,8805.0,3.993885567580808
2024-08-12,8851.0,4.014750841414847
2024-08-13,8832.0,4.00613257613557
2024-08-14,8906.0,4.039698451433807
2024-08-15,9009.0,4.086418521105679
2024-08-16,8938.0,4.054213424535748
2024-08-19,9115.5,4.134726165960574
2024-08-20,9152.0,4.1512823071549745
2024-08-21,9138.0,4.144932006422875
2024-08-22,9061.0,4.110005352396332
2024-08-23,9072.0,4.114994874400123
2024-08-27,9247.5,4.194600430006078
2024-08-28,9135.5,4.143798024149286
2024-08-29,9116.0,4.134952962415292
2024-08-30,9215.0,4.17985866044942
2024-09-02,9034.0,4.097758343841569
2024-09-03,8856.0,4.017018805962025
2024-09-04,8830.5,4.005452186771417
2024-09-05,8915.0,4.043780787618728
2024-09-06,9013.0,4.088232892743421
2024-09-09,8989.5,4.077573459371683
2024-09-10,8935.0,4.052852645807441
2024-09-11,9007.5,4.0857381317415244
2024-09-12,9115.5,4.134726165960574
2024-09-13,9080.5,4.118850414130327
2024-09-16,9216.0,4.1803122533588555
2024-09-17,9242.0,4.1921056690041825
2024-09-18,9289.0,4.213424535747658
2024-09-19,9405.5,4.2662681096969095
2024-09-20,9395.0,4.261505384147835
2024-09-23,9329.0,4.231568252125083
2024-09-24,9602.0,4.355399116401013
2024-09-25,9618.5,4.362883399406701
2024-09-26,9844.0,4.4651686004844375
2024-09-27,9860.0,4.472426087035408
2024-09-30,9767.0,4.430241946457893
2024-10-01,9741.0,4.418448530812567
2024-10-02,9882.5,4.482631927497709
2024-10-03,9786.0,4.43886021173717
2024-10-04,9784.0,4.437953025918299
2024-10-07,9816.5,4.452694795474957
2024-10-08,9619.0,4.3631101958614185
2024-10-09,9550.0,4.3318122851103595
2024-10-10,9507.0,4.312307790004627
2024-10-11,9596.5,4.352904355399117
2024-10-14,9516.0,4.316390126189548
2024-10-15,9401.5,4.264453738059167
2024-10-16,9489.0,4.304143117634785
2024-10-17,9380.0,4.2547014905063
2024-10-18,9472.5,4.296658834629097
2024-10-21,9592.5,4.351089983761374
2024-10-22,9490.5,4.304823506998939
2024-10-23,9364.0,4.24744400395533
2024-10-24,9413.0,4.269670056517676
2024-10-25,9385.0,4.256969455053479
2024-10-28,9402.0,4.264680534513885
2024-10-29,9431.0,4.277834728887518
2024-10-30,9356.0,4.243815260679845
2024-10-31,9427.0,4.2760203572497755
2024-11-01,9425.0,4.275113171430904
2024-11-04,9505.0,4.3114006041857555
2024-11-05,9587.5,4.348822019214196
2024-11-06,9250.5,4.195961208734385
2024-11-07,9386.0,4.257423047962915
2024-11-08,9323.0,4.228846694668469
2024-11-11,9251.0,4.196188005189103
2024-11-12,9005.0,4.0846041494679355
2024-11-13,8969.0,4.068274804728253
2024-11-14,8768.0,3.977102629931689
2024-11-15,9055.0,4.107283794939717
2024-11-18,8859.5,4.01860638114505
2024-11-19,8919.5,4.0458219557111885
2024-11-20,9022.0,4.092315228928341
2024-11-21,8945.5,4.0576153713565155
2024-11-22,8829.0,4.004771797407263
2024-11-25,8918.0,4.045141566347035
2024-11-26,8925.0,4.048316716713084
2024-11-27,8897.5,4.035842911703605
2024-11-28,8850.5,4.01452404496013
2024-11-29,8879.0,4.0274514428790456
2024-12-02,8871.0,4.02382269960356
2024-12-03,8941.0,4.0555742032640545
2024-12-04,8951.0,4.060110132358411
2024-12-05,8967.0,4.0673676189093815
2024-12-06,9040.0,4.100479901298183
2024-12-09,9104.0,4.129509847502064
2024-12-10,9067.0,4.112726909852945
2024-12-11,9077.0,4.117262838947302
2024-12-12,9038.5,4.099799511934029
2024-12-13,8989.0,4.077346662916965
2024-12-16,8932.0,4.051491867079134
2024-12-17,8851.5,4.014977637869565
2024-12-18,8905.5,4.039471654979089
2024-12-19,8795.5,3.9895764349411693
2024-12-20,8793.0,3.98844245266758
2024-12-23,8838.0,4.008854133592184
2024-12-24,8847.5,4.013163266231823
2024-12-27,8843.0,4.011122098139362
2024-12-30,8833.0,4.006586169045006
2024-12-31,8706.0,3.9489798695466796
2025-01-02,8685.5,3.9396812149032487
2025-01-03,8701.0,3.946711904999501
2025-01-06,8893.5,4.0340285400658615
2025-01-07,8886.0,4.030626593245095
2025-01-08,8847.0,4.012936469777105
2025-01-09,8960.5,4.06441926499805
2025-01-10,8995.5,4.080295016828297
2025-01-13,8980.0,4.073264326732045
2025-01-14,9016.0,4.089593671471728
2025-01-15,9020.0,4.09140804310947
2025-01-16,9135.0,4.143571227694569
2025-01-17,9132.0,4.142210448966262
2025-01-20,9043.5,4.102067476481208
2025-01-21,9067.0,4.112726909852945
2025-01-22,9123.0,4.138128112781342
2025-01-23,9056.0,4.107737387849153
2025-01-24,9218.0,4.181219439177727
2025-01-27,9051.0,4.105469423301975
2025-01-28,8890.5,4.032667761337555
2025-01-29,8881.0,4.028358628697917
2025-01-30,8975.0,4.070996362184866
2025-01-31,8949.5,4.059429742994258
2025-02-03,8866.5,4.0217815315111
2025-02-04,8993.0,4.0791610345547085
2025-02-05,9025.0,4.093676007656648
2025-02-06,9165.0,4.157179014977638
2025-02-07,9288.0,4.212970942838222
2025-02-10,9287.5,4.212744146383504
2025-02-11,9245.0,4.193466447732489
2025-02-12,9277.5,4.2082082172891475
2025-02-13,9362.0,4.246536818136459
2025-02-14,9812.0,4.450653627382497
2025-02-17,9291.0,4.214331721566529
2025-02-18,9295.0,4.216146093204271
2025-02-19,9433.0,4.27874191470639
2025-02-20,9514.5,4.3157097368253945
2025-02-21,9494.0,4.306411082181963
2025-02-24,9490.0,4.304596710544221
2025-02-25,9463.0,4.292349701989458
2025-02-26,9504.0,4.31094701127632
2025-02-27,9415.5,4.270804038791266
2025-02-28,9363.5,4.247217207500612
2025-03-03,9360.5,4.2458564287723055
2025-03-04,9395.0,4.261505384147835
2025-03-05,9541.0,4.327729948925438
2025-03-06,9654.0,4.378985947691666
2025-03-07,9664.0,4.3835218767860225
2025-03-10,9547.0,4.330451506382053
2025-03-11,9628.0,4.36719253204634
2025-03-12,9766.0,4.4297883535484575
2025-03-13,9702.5,4.400985203799294
2025-03-14,9759.0,4.426613203182408
2025-03-17,9748.0,4.421623681178616
2025-03-18,9834.0,4.460632671390081
2025-03-19,9914.0,4.496920104144932
2025-03-20,9911.5,4.495786121871343
2025-03-21,9829.0,4.458364706842903
2025-03-24,9978.0,4.525950050348813
2025-03-25,9982.0,4.527764421986555
2025-03-26,9884.0,4.483312316861863
2025-03-27,9787.0,4.439313804646606
2025-03-28,9795.0,4.442942547922091
2025-03-31,9673.0,4.387604212970943
2025-04-01,9652.0,4.3780787618727945
2025-04-02,9646.0,4.375357204416181
2025-04-03,9397.0,4.262412569966706
2025-04-04,8830.5,4.005452186771417
2025-04-07,8825.0,4.00295742576952
2025-04-08,8760.0,3.973473886656204
2025-04-09,8539.0,3.8732298536709275
2025-04-10,8978.0,4.072357140913174
2025-04-11,9180.0,4.163982908619173
2025-04-14,9212.5,4.178724678175831
2025-04-15,9094.0,4.124973918407708
2025-04-16,9083.0,4.119984396403916
2025-04-17,9104.0,4.129509847502064
2025-04-22,9293.5,4.215465703840118
2025-04-23,9416.5,4.271257631700702
2025-04-24,9410.5,4.268536074244087
2025-04-25,9364.0,4.24744400395533
2025-04-28,9365.5,4.248124393319483
2025-04-29,9487.5,4.303462728270632
2025-04-30,9204.0,4.1748691384456285
2025-05-01,9195.0,4.170786802260707
2025-05-02,9376.0,4.252887118868558
2025-05-06,9500.0,4.309132639638578
2025-05-07,9486.0,4.3027823389064785
2025-05-08,9413.0,4.269670056517676
2025-05-09,9485.5,4.302555542451761
2025-05-12,9590.0,4.349956001487785
2025-05-13,9534.0,4.324554798559389
2025-05-14,9649.5,4.376944779599206
2025-05-15,9537.5,4.326142373742414
2025-05-16,9534.0,4.324554798559389
2025-05-19,9545.0,4.329544320563182
2025-05-20,9530.0,4.322740426921647
2025-05-21,9532.5,4.323874409195236
2025-05-22,9493.0,4.305957489272528
2025-05-23,9595.0,4.3522239660349635
2025-05-27,9653.0,4.37853235478223
2025-05-28,9682.0,4.391686549155864
2025-05-29,9641.5,4.37331603632372
2025-05-30,9623.0,4.364924567499161
2025-06-02,9655.0,4.379439540601101
2025-06-03,9643.0,4.373996425687874
2025-06-04,9673.5,4.3878310094256605
2025-06-05,9834.0,4.460632671390081
2025-06-06,9795.0,4.442942547922091
2025-06-09,9849.0,4.4674365650316155
2025-06-10,9854.0,4.469704529578794
2025-06-11,9730.0,4.413459008808775
2025-06-12,9779.0,4.435685061371121
2025-06-13,9658.0,4.380800319329408
2025-06-16,9738.0,4.417087752084259
2025-06-17,9820.5,4.4545091671126995
2025-06-18,9841.0,4.463807821756131
2025-06-19,9712.0,4.405294336438933
2025-06-20,9945.0,4.510981484337437
2025-06-23,10035.0,4.551804846186645
2025-06-24,9930.5,4.50440438715062
2025-06-25,9810.0,4.449746441563626
2025-06-26,10115.0,4.588092278941496
2025-06-27,10051.0,4.559062332737615
2025-06-30,10040.0,4.554072810733823
2025-07-01,10061.0,4.563598261831971
2025-07-02,10045.0,4.556340775281001
2025-07-03,10120.0,4.590360243488674
2025-07-04,9970.5,4.522548103528046
2025-07-07,9893.0,4.487394653046784
2025-07-08,9925.0,4.501909626148724
2025-07-09,9635.0,4.370367682412389
2025-07-10,9752.0,4.423438052816358
2025-07-11,9637.5,4.371501664685978
2025-07-14,9555.0,4.3340802496575375
2025-07-15,9564.0,4.338162585842459
2025-07-16,9563.0,4.337708992933023
2025-07-17,9586.0,4.348141629850042
2025-07-18,9667.0,4.384882655514329
2025-07-21,9773.5,4.433190300369225
2025-07-22,9818.5,4.453601981293828
2025-07-23,9862.0,4.473333272854279
2025-07-24,9861.0,4.472879679944843
2025-07-25,9788.0,4.439767397556041
2025-07-28,9783.0,4.437499433008863
2025-07-29,9733.5,4.415046583991799
2025-07-30,9699.5,4.3996244250709875
2025-07-31,9606.0,4.357213488038755
2025-08-01,9535.5,4.325235187923543
2025-08-04,9622.5,4.364697771044443
2025-08-05,9576.5,4.343832497210403
2025-08-06,9604.5,4.356533098674602
2025-08-07,9636.5,4.371048071776542
2025-08-08,9627.0,4.366738939136904
2025-08-11,9643.5,4.374223222142592
2025-08-12,9661.5,4.3823878945124335
2025-08-13,9746.5,4.420943291814463
2025-08-14,9665.5,4.384202266150176
2025-08-15,9621.0,4.36401738168029
2025-08-18,9626.5,4.366512142682186
2025-08-19,9621.5,4.364244178135007
2025-08-20,9576.5,4.343832497210403
2025-08-21,9611.0,4.359481452585934
2025-08-22,9643.0,4.373996425687874
2025-08-26,9707.5,4.403253168346473
2025-08-27,9682.0,4.391686549155864
2025-08-28,9703.5,4.40143879670873
2025-08-29,9805.0,4.447478477016448
2025-09-01,9804.5,4.447251680561729
2025-09-02,9773.5,4.433190300369225
2025-09-03,9873.0,4.478322794858071
2025-09-04,9813.0,4.451107220291933
2025-09-05,9881.0,4.481951538133556
2025-09-08,9810.5,4.449973238018344
2025-09-09,9822.5,4.455416352931572
2025-09-10,9847.0,4.466529379212744
2025-09-11,9926.0,4.50236321905816
2025-09-12,10004.5,4.537970262448858
2025-09-15,9986.0,4.529578793624299
2025-09-16,10071.5,4.568360987381046
2025-09-17,9894.0,4.4878482459562195
2025-09-18,9895.0,4.488301838865655
2025-09-19,9904.0,4.492384175050576
2025-09-22,9921.5,4.5003220509657
2025-09-23,9900.0,4.490569803412833
2025-09-24,9862.0,4.473333272854279
2025-09-25,10312.0,4.677450082100317
2025-09-26,10125.5,4.59285500449057
2025-09-29,10233.0,4.641616242254901
2025-09-30,10300.0,4.672006967187089
2025-10-01,10263.0,4.655224029537971
2025-10-02,10455.0,4.742313868149614
2025-10-03,10537.5,4.779735283178054
2025-10-06,10609.5,4.81239397265742
2025-10-07,10643.0,4.8275893351235135
2025-10-08,10738.0,4.870680661519899
2025-10-09,10866.5,4.928967350382379
2025-10-10,10735.0,4.869319882791593
2025-10-13,10617.5,4.816022715932905
2025-10-14,10600.0,4.808084840017781
2025-10-15,10702.0,4.854351316780217
2025-10-16,10495.0,4.760457584527039
2025-10-17,10527.5,4.775199354083697
2025-10-20,10581.0,4.799466574738504
2025-10-21,10612.0,4.813527954931009
2025-10-22,10600.0,4.808084840017781
2025-10-23,10797.0,4.8974426431766025
2025-10-24,10807.0,4.901978572270958
2025-10-27,10987.0,4.983625295969373
2025-10-28,10917.0,4.951873792308879
2025-10-29,11067.5,5.0201395251789425
2025-10-30,10949.0,4.966388765410819
2025-10-31,10901.5,4.9448431022126265
2025-11-03,10872.5,4.931688907838993
2025-11-04,10600.5,4.8083116364724985
2025-11-05,10603.0,4.809445618746088
2025-11-06,10723.0,4.863876767878365
2025-11-07,10720.0,4.862515989150058
2025-11-10,10800.0,4.898803421904909
2025-11-11,10777.0,4.888370784987889
2025-11-12,10833.0,4.913771987916285
2025-11-13,10942.0,4.963213615044769
2025-11-14,10851.0,4.921936660286127
2025-11-17,10799.0,4.898349828995474
2025-11-18,10649.0,4.830310892580127
2025-11-19,10784.0,4.891545935353939
2025-11-20,10789.0,4.893813899901117
2025-11-21,10685.5,4.8468670337745285
2025-11-24,10795.0,4.89653545735773
2025-11-25,10876.0,4.933276483022017
2025-11-26,10978.0,4.979542959784453
2025-11-27,10934.0,4.959584871769285
2025-11-28,11004.0,4.991336375429779
2025-12-01,11299.0,5.125146283713293
2025-12-02,11285.0,5.118795982981195
2025-12-03,11437.0,5.187742105215412
2025-12-04,11472.0,5.203617857045659
2025-12-05,11645.0,5.282089430378025
2025-12-08,11695.0,5.304769075849807
2025-12-09,11563.5,5.24512160825902
2025-12-10,11645.0,5.282089430378025
2025-12-11,11740.0,5.325180756774411
2025-12-12,11816.0,5.359653817891519
2025-12-15,11774.5,5.34082971214994
2025-12-16,11636.0,5.278007094193104
2025-12-17,11720.0,5.316108898585697
2025-12-18,11721.5,5.316789287949851
2025-12-19,11845.0,5.3728080122651525
2025-12-22,11940.0,5.415899338661538
2025-12-23,12070.0,5.4748664168881715
2025-12-24,12253.0,5.557873919314893
2025-12-29,12306.0,5.581914343514982
2025-12-30,12512.0,5.675354482858724
2025-12-31,12504.0,5.6717257395832394
2026-01-02,12571.0,5.702116464515427
2026-01-05,12884.0,5.844091045168782
2026-01-06,13269.5,6.0189511117562216
2026-01-07,13145.0,5.962478794531484
2026-01-08,12885.0,5.844544638078218
2026-01-09,13060.0,5.923923397229455
2026-01-12,13310.0,6.0373216245883645
2026-01-13,13310.0,6.0373216245883645
2026-01-14,13335.0,6.048661447324256
2026-01-15,13205.0,5.989694369097623
2026-01-16,13000.0,5.896707822663316
2026-01-19,13000.0,5.896707822663316
2026-01-20,13059.0,5.923469804320019
2026-01-21,12898.0,5.850441345900881
2026-01-22,12632.0,5.729785631991001
2026-01-23,12920.5,5.860647186363183
2026-01-26,13195.0,5.985158440003266
2026-01-27,12980.0,5.887635964474604
2026-01-28,12994.0,5.893986265206703
2026-01-29,13844.0,6.279540238226996
2026-01-30,13369.5,6.064310402699785
2026-02-02,12987.0,5.890811114840653
2026-02-03,13295.0,6.03051773094683
2026-02-04,13247.0,6.008745271293919
2026-02-05,12822.0,5.815968284783772
2026-02-06,12840.0,5.824132957153614
2026-02-09,12980.0,5.887635964474604
2026-02-10,13002.0,5.8976150084821874
2026-02-11,13327.0,6.04503270404877
2026-02-12,13172.0,5.974725803086247
2026-02-13,12719.0,5.769248215111902
2026-02-16,12757.0,5.786484745670456
2026-02-17,12561.0,5.6975805354210705
2026-02-18,12603.0,5.716631437617368
2026-02-19,12626.0,5.727064074534387
2026-02-20,12750.0,5.783309595304407
2026-02-23,12832.0,5.820504213878129
2026-02-24,13011.0,5.901697344667109
2026-02-25,13171.0,5.974272210176811
2026-02-26,13215.0,5.994230298191979
2026-02-27,13439.5,6.09606190636028
2026-03-02,13230.0,6.001034191833513
2026-03-03,12820.0,5.815061098964901
2026-03-04,12960.0,5.878564106285891
2026-03-05,12841.0,5.824586550063049
2026-03-06,12808.0,5.809617984051673
2026-03-09,12750.5,5.7835363917591245
2026-03-10,12920.5,5.860647186363183
2026-03-11,12850.5,5.828895682702688
2026-03-12,12896.5,5.849760956536728
2026-03-13,12758.0,5.786938338579891
2026-03-16,12759.5,5.787618727944045
2026-03-17,12677.0,5.7501973129156045
2026-03-18,12503.0,5.671272146673804
2026-03-19,11826.0,5.3641897469858755
2026-03-20,12021.5,5.452867160780543
2026-03-23,11891.0,5.393673286099192
2026-03-24,11878.5,5.388003374731246
2026-03-25,12135.0,5.504349956001488
2026-03-26,12108.0,5.492102947446726
2026-03-27,12046.0,5.463980187061716
2026-03-30,12137.0,5.505257141820359
2026-03-31,12160.0,5.515689778737379
2026-04-01,12270.0,5.565584998775299
2026-04-02,12147.0,5.509793070914716
2026-04-07,12252.0,5.557420326405458
2026-04-08,12552.0,5.69349819923615
2026-04-09,12455.0,5.649499687020893
2026-04-10,12660.5,5.7427130299099165
2026-04-13,12820.5,5.815287895419619
2026-04-14,13095.0,5.939799149059702
2026-04-15,13155.0,5.967014723625841
2026-04-16,13180.0,5.978354546361731
2026-04-17,13149.0,5.9642931661692264
2026-04-20,13163.0,5.9706434669013255
2026-04-21,13200.5,5.987653201005162
2026-04-22,13198.0,5.986519218731573
2026-04-23,13190.0,5.982890475456088
2026-04-24,13230.0,6.001034191833513
2026-04-27,13212.0,5.992869519463672
2026-04-28,12890.5,5.8470393990801135
2026-04-29,12992.0,5.893079079387832
2026-04-30,13015.5,5.903738512759569
2026-05-01,12895.0,5.8490805671725745
2026-05-05,12970.0,5.883100035380247
2026-05-06,13351.5,6.056145730329944
2026-05-07,13326.0,6.044579111139335
2026-05-08,13445.0,6.0985566673621765
2026-05-11,13673.0,6.201975850713502
2026-05-12,13872.0,6.292240839691194
2026-05-13,14097.0,6.3942992443142135
2026-05-14,13986.0,6.343950431366857
2026-05-15,13553.5,6.147771498035943
2026-05-18,13428.0,6.090845587901771
2026-05-19,13410.0,6.082680915531928
2026-05-20,13418.0,6.086309658807414
2026-05-21,13427.0,6.090391994992334
2026-05-22,13545.0,6.14391595830574
2026-05-26,13570.0,6.155255781041631
2026-05-27,13540.5,6.141874790213279
2026-05-28,13513.0,6.1294009852038
2026-05-29,13615.0,6.175667461966235
2026-06-01,13819.0,6.268200415491106
2026-06-02,13966.0,6.334878573178145
2026-06-03,13920.5,6.314240095798823
2026-06-04,13872.0,6.292240839691194
2026-06-05,13731.0,6.228284239460769
2026-06-08,13661.0,6.196532735800274
2026-06-09,13716.0,6.221480345819234
2026-06-10,13370.0,6.064537199154503
2026-06-11,13420.0,6.087216844626285
2026-06-12,13603.0,6.170224347053007
2026-06-15,13714.0,6.220573160000363
2026-06-16,13682.0,6.206058186898423
2026-06-17,13736.0,6.230552204007947
2026-06-18,13612.0,6.174306683237928
2026-06-19,13530.5,6.1373388611189235
2026-06-22,13642.0,6.187914470520997
2026-06-23,13334.0,6.04820785441482
2026-06-24,13181.5,5.979034935725885
2026-06-25,13194.0,5.98470484709383
2026-06-26,13287.0,6.026888987671345
2026-06-29,13302.5,6.033919677767598
2026-06-30,13341.0,6.051383004780869
2026-07-01,13170.0,5.9738186172673755
2026-07-02,13202.0,5.988333590369316
2026-07-03,13298.5,6.032105306129855
2026-07-06,13310.0,6.0373216245883645
2026-07-07,13309.0,6.036868031678929
2026-07-08,13090.0,5.937531184512524
2026-07-09,13356.5,6.058413694877122
2026-07-10,13408.5,6.082000526167775
2026-07-13,13460.5,6.105587357458429
2026-07-14,13541.0,6.142101586667997
2026-07-15,13537.0,6.140287215030255
2026-07-16,13565.0,6.152987816494453
2026-07-17,13373.5,6.066124774337528
2026-07-20,13629.0,6.182017762698334
2026-07-21,13856.0,6.284983353140224
2026-07-22,13895.0,6.302673476608214
2026-07-23,13745.0,6.234634540192868
2026-07-24,13617.0,6.176574647785106
2026-07-27,13810.0,6.264118079306185
2026-07-28,13643.5,6.188594859885151
2026-07-29,13633.0,6.183832134336076
2026-07-30,13795.0,6.25731418566465
2026-07-31,13834.0,6.2750043091326395
2026-08-03,13945.0,6.325353122079996
2026-08-04,14195.0,6.438751349438906
2026-08-05,14167.5,6.426277544429426
2026-08-06,14455.0,6.5566855058921725
2026-08-07,14240.0,6.459163030363509
2026-08-10,14290.0,6.481842675835292
2026-08-11,14424.5,6.542850922154385
2026-08-12,14376.0,6.520851666046757
